price,rating,unit_price,status,title,object_loc,ship_loc
"GBP 23,99","99,8% Positieve feedback",,Nieuw,Details over   10771 LEGO Toy Story 4 Carnival Thrill Coaster Disney Pixar 98 Pieces Age 4yrs+,"Rossendale, Verenigd Koninkrijk","Wereldwijd
 | 
Zie uitgesloten locaties"
"EUR 167,95","99,8% Positieve feedback","<div class=""notranslate vi-bp"" id=""itmUnitPrice"">(EUR 167,95 / Einheit)</div>",Nieuw,"Details over   10T Kopenhagen 5 - 5 Pers. Trekkingzelt, wasserdicht mit 200 cm Stehhöhe, Grün","Bocholt, Duitsland","Europese Unie
 | 
Zie uitgesloten locaties"
"GBP 323,67","99,9% Positieve feedback",,Nieuw,Details over   #167400 Faber Castell 90pc Wooden Case Pitt Artist Pen Set India Ink Sketch Draw,"Rossendale, Verenigd Koninkrijk","Wereldwijd
 | 
Zie uitgesloten locaties"
"GBP 12,50","99,8% Positieve feedback",,Nieuw,"Details over   16 Ink Cartridges (Set) for use with Brother DCP-J725DW, MFC-J625DW, MFC-J6910DW","Westham, Verenigd Koninkrijk","Europa
 | 
Zie uitgesloten locaties"
"EUR 12,14","99,9% Positieve feedback",,Nieuw,Details over   1 Stk  914839088 Schutzkontaktsteckdose 1-fach 16A 250V Milano ahorn,"Ludwigsfelde, Duitsland","Duitsland, Oostenrijk, Polen, België
 | 
Zie uitgesloten locaties"
